Model,Accuracy,F1Score,InferenceTime_ms,ModelSize_MB,Topsis Score,Rank
BERT-Base,0.92,0.91,120,440,0.26472637358885326,3.0
RoBERTa,0.94,0.93,140,500,0.1206736774381425,4.0
DistilBERT,0.89,0.88,60,260,0.7178702834079886,2.0
XLNet,0.93,0.92,150,550,0.05084582471549205,5.0
MobileBERT,0.88,0.87,45,100,0.9395959781494084,1.0
